<?xml version="1.0"?>
<!--<!DOCTYPE metadata SYSTEM "http://www.esri.com/metadata/esriprof80.dtd">-->
<metadata xml:lang="es"><Esri><CreaDate>20130418</CreaDate><CreaTime>14114100</CreaTime><SyncOnce>FALSE</SyncOnce><SyncDate>20130320</SyncDate><SyncTime>13290800</SyncTime><ModDate>20130320</ModDate><ModTime>13290800</ModTime><DataProperties><lineage><Process ToolSource="C:\Program Files\ArcGIS\ArcToolbox\Toolboxes\Conversion Tools.tbx\FeatureClassToFeatureClass" Date="20120420" Time="110158">FeatureClassToFeatureClass "D:\TRABAJOS REALIZADOS\GEODATABASE\DPA_20042012\GEO_PAR2010.shp" "D:\TRABAJOS REALIZADOS\GEODATABASE\GEODATABASE NACIONAL ABRIL 2012\GIS_INEC_NACIONAL.gdb\DPA_2010" GEO_PAR2010 # "DPA_PARROQ 'DPA_PARROQ' true true false 254 Text 0 0 ,First,#,D:\TRABAJOS REALIZADOS\GEODATABASE\DPA_20042012\GEO_PAR2010.shp,DPA_PARROQ,-1,-1;DPA_DESPAR 'DPA_DESPAR' true true false 254 Text 0 0 ,First,#,D:\TRABAJOS REALIZADOS\GEODATABASE\DPA_20042012\GEO_PAR2010.shp,DPA_DESPAR,-1,-1;DPA_VALOR 'DPA_VALOR' true true false 9 Long 0 9 ,First,#,D:\TRABAJOS REALIZADOS\GEODATABASE\DPA_20042012\GEO_PAR2010.shp,DPA_VALOR,-1,-1;DPA_ANIO 'DPA_ANIO' true true false 4 Text 0 0 ,First,#,D:\TRABAJOS REALIZADOS\GEODATABASE\DPA_20042012\GEO_PAR2010.shp,DPA_ANIO,-1,-1;DPA_CANTON 'DPA_CANTON' true true false 254 Text 0 0 ,First,#,D:\TRABAJOS REALIZADOS\GEODATABASE\DPA_20042012\GEO_PAR2010.shp,DPA_CANTON,-1,-1;DPA_DESCAN 'DPA_DESCAN' true true false 254 Text 0 0 ,First,#,D:\TRABAJOS REALIZADOS\GEODATABASE\DPA_20042012\GEO_PAR2010.shp,DPA_DESCAN,-1,-1;DPA_PROVIN 'DPA_PROVIN' true true false 254 Text 0 0 ,First,#,D:\TRABAJOS REALIZADOS\GEODATABASE\DPA_20042012\GEO_PAR2010.shp,DPA_PROVIN,-1,-1;DPA_DESPRO 'DPA_DESPRO' true true false 254 Text 0 0 ,First,#,D:\TRABAJOS REALIZADOS\GEODATABASE\DPA_20042012\GEO_PAR2010.shp,DPA_DESPRO,-1,-1" # "D:\TRABAJOS REALIZADOS\GEODATABASE\GEODATABASE NACIONAL ABRIL 2012\GIS_INEC_NACIONAL.gdb\DPA_2010\GEO_PAR2010"</Process><Process ToolSource="C:\Program Files\ArcGIS\ArcToolbox\Toolboxes\Conversion Tools.tbx\FeatureClassToFeatureClass" Date="20120720" Time="151402">FeatureClassToFeatureClass "D:\TRABAJOS REALIZADOS\GEODATABASE\CORRECCIONES\PARROQUIAS_1.shp" "D:\TRABAJOS REALIZADOS\GEODATABASE\GEODATABASE NACIONAL ABRIL 2012\GIS_INEC_NACIONAL.gdb\DPA_2010" PARROQUIAS_PARTE1 # "OBJECTID 'OBJECTID' true true false 9 Long 0 9 ,First,#,D:\TRABAJOS REALIZADOS\GEODATABASE\CORRECCIONES\PARROQUIAS_1.shp,OBJECTID,-1,-1;DPA_PARROQ 'DPA_PARROQ' true true false 254 Text 0 0 ,First,#,D:\TRABAJOS REALIZADOS\GEODATABASE\CORRECCIONES\PARROQUIAS_1.shp,DPA_PARROQ,-1,-1;DPA_DESPAR 'DPA_DESPAR' true true false 254 Text 0 0 ,First,#,D:\TRABAJOS REALIZADOS\GEODATABASE\CORRECCIONES\PARROQUIAS_1.shp,DPA_DESPAR,-1,-1;DPA_VALOR 'DPA_VALOR' true true false 9 Long 0 9 ,First,#,D:\TRABAJOS REALIZADOS\GEODATABASE\CORRECCIONES\PARROQUIAS_1.shp,DPA_VALOR,-1,-1;DPA_ANIO 'DPA_ANIO' true true false 4 Text 0 0 ,First,#,D:\TRABAJOS REALIZADOS\GEODATABASE\CORRECCIONES\PARROQUIAS_1.shp,DPA_ANIO,-1,-1;DPA_CANTON 'DPA_CANTON' true true false 254 Text 0 0 ,First,#,D:\TRABAJOS REALIZADOS\GEODATABASE\CORRECCIONES\PARROQUIAS_1.shp,DPA_CANTON,-1,-1;DPA_DESCAN 'DPA_DESCAN' true true false 254 Text 0 0 ,First,#,D:\TRABAJOS REALIZADOS\GEODATABASE\CORRECCIONES\PARROQUIAS_1.shp,DPA_DESCAN,-1,-1;DPA_PROVIN 'DPA_PROVIN' true true false 254 Text 0 0 ,First,#,D:\TRABAJOS REALIZADOS\GEODATABASE\CORRECCIONES\PARROQUIAS_1.shp,DPA_PROVIN,-1,-1;DPA_DESPRO 'DPA_DESPRO' true true false 254 Text 0 0 ,First,#,D:\TRABAJOS REALIZADOS\GEODATABASE\CORRECCIONES\PARROQUIAS_1.shp,DPA_DESPRO,-1,-1;Shape_Leng 'Shape_Leng' true true false 19 Double 0 0 ,First,#,D:\TRABAJOS REALIZADOS\GEODATABASE\CORRECCIONES\PARROQUIAS_1.shp,Shape_Leng,-1,-1;Shape_Area 'Shape_Area' true true false 19 Double 0 0 ,First,#,D:\TRABAJOS REALIZADOS\GEODATABASE\CORRECCIONES\PARROQUIAS_1.shp,Shape_Area,-1,-1;REVISION 'REVISION' true true false 2 Text 0 0 ,First,#,D:\TRABAJOS REALIZADOS\GEODATABASE\CORRECCIONES\PARROQUIAS_1.shp,REVISION,-1,-1" # "D:\TRABAJOS REALIZADOS\GEODATABASE\GEODATABASE NACIONAL ABRIL 2012\GIS_INEC_NACIONAL.gdb\DPA_2010\PARROQUIAS_PARTE1"</Process><Process ToolSource="C:\Archivos de programa\ArcGIS\ArcToolbox\Toolboxes\Conversion Tools.tbx\FeatureClassToFeatureClass" Date="20130319" Time="150736">FeatureClassToFeatureClass "C:\JAVIER\año 2013\Division Politico Administrativa\Correccion DPA2010Censal\DPA_2010\GEO_PAR2010_CAMBIOS_18032013.shp" "C:\JAVIER\año 2013\Division Politico Administrativa\Correccion DPA2010Censal\topologiacapas_dpa2010.mdb\parroq_2010" parroqDpa2010 # "DPA_PARROQ 'DPA_PARROQ' true true false 254 Text 0 0 ,First,#,C:\JAVIER\año 2013\Division Politico Administrativa\Correccion DPA2010Censal\DPA_2010\GEO_PAR2010_CAMBIOS_18032013.shp,DPA_PARROQ,-1,-1;DPA_DESPAR 'DPA_DESPAR' true true false 254 Text 0 0 ,First,#,C:\JAVIER\año 2013\Division Politico Administrativa\Correccion DPA2010Censal\DPA_2010\GEO_PAR2010_CAMBIOS_18032013.shp,DPA_DESPAR,-1,-1;DPA_VALOR 'DPA_VALOR' true true false 9 Long 0 9 ,First,#,C:\JAVIER\año 2013\Division Politico Administrativa\Correccion DPA2010Censal\DPA_2010\GEO_PAR2010_CAMBIOS_18032013.shp,DPA_VALOR,-1,-1;DPA_ANIO 'DPA_ANIO' true true false 4 Text 0 0 ,First,#,C:\JAVIER\año 2013\Division Politico Administrativa\Correccion DPA2010Censal\DPA_2010\GEO_PAR2010_CAMBIOS_18032013.shp,DPA_ANIO,-1,-1;DPA_CANTON 'DPA_CANTON' true true false 254 Text 0 0 ,First,#,C:\JAVIER\año 2013\Division Politico Administrativa\Correccion DPA2010Censal\DPA_2010\GEO_PAR2010_CAMBIOS_18032013.shp,DPA_CANTON,-1,-1;DPA_DESCAN 'DPA_DESCAN' true true false 254 Text 0 0 ,First,#,C:\JAVIER\año 2013\Division Politico Administrativa\Correccion DPA2010Censal\DPA_2010\GEO_PAR2010_CAMBIOS_18032013.shp,DPA_DESCAN,-1,-1;DPA_PROVIN 'DPA_PROVIN' true true false 254 Text 0 0 ,First,#,C:\JAVIER\año 2013\Division Politico Administrativa\Correccion DPA2010Censal\DPA_2010\GEO_PAR2010_CAMBIOS_18032013.shp,DPA_PROVIN,-1,-1;DPA_DESPRO 'DPA_DESPRO' true true false 254 Text 0 0 ,First,#,C:\JAVIER\año 2013\Division Politico Administrativa\Correccion DPA2010Censal\DPA_2010\GEO_PAR2010_CAMBIOS_18032013.shp,DPA_DESPRO,-1,-1;correccion 'correccion' true true false 50 Text 0 0 ,First,#,C:\JAVIER\año 2013\Division Politico Administrativa\Correccion DPA2010Censal\DPA_2010\GEO_PAR2010_CAMBIOS_18032013.shp,correccion,-1,-1;observacio 'observacio' true true false 50 Text 0 0 ,First,#,C:\JAVIER\año 2013\Division Politico Administrativa\Correccion DPA2010Censal\DPA_2010\GEO_PAR2010_CAMBIOS_18032013.shp,observacio,-1,-1;Estado 'Estado' true true false 30 Text 0 0 ,First,#,C:\JAVIER\año 2013\Division Politico Administrativa\Correccion DPA2010Censal\DPA_2010\GEO_PAR2010_CAMBIOS_18032013.shp,Estado,-1,-1" # "C:\JAVIER\año 2013\Division Politico Administrativa\Correccion DPA2010Censal\topologiacapas_dpa2010.mdb\parroq_2010\parroqDpa2010"</Process><Process ToolSource="C:\Program Files\ArcGIS\ArcToolbox\Toolboxes\Conversion Tools.tbx\FeatureClassToFeatureClass" Date="20130320" Time="132911">FeatureClassToFeatureClass "D:\COMPARTIDO\Correccion DPA2010Censal\DPA_2010\SHP_2010\GEO_PAR2010_CAMBIOS_18_MARZO2013shp.shp" "D:\TRABAJOS REALIZADOS\GEODATABASE\GEODATABASE NACIONAL JULIO 2012\GIS_INEC_NACIONAL.gdb\DPA_2010" GEO_PAR2010 # "OBJECTID 'OBJECTID' true true false 9 Long 0 9 ,First,#,D:\COMPARTIDO\Correccion DPA2010Censal\DPA_2010\SHP_2010\GEO_PAR2010_CAMBIOS_18_MARZO2013shp.shp,OBJECTID,-1,-1;DPA_PARROQ 'DPA_PARROQ' true true false 254 Text 0 0 ,First,#,D:\COMPARTIDO\Correccion DPA2010Censal\DPA_2010\SHP_2010\GEO_PAR2010_CAMBIOS_18_MARZO2013shp.shp,DPA_PARROQ,-1,-1;DPA_DESPAR 'DPA_DESPAR' true true false 254 Text 0 0 ,First,#,D:\COMPARTIDO\Correccion DPA2010Censal\DPA_2010\SHP_2010\GEO_PAR2010_CAMBIOS_18_MARZO2013shp.shp,DPA_DESPAR,-1,-1;DPA_VALOR 'DPA_VALOR' true true false 9 Long 0 9 ,First,#,D:\COMPARTIDO\Correccion DPA2010Censal\DPA_2010\SHP_2010\GEO_PAR2010_CAMBIOS_18_MARZO2013shp.shp,DPA_VALOR,-1,-1;DPA_ANIO 'DPA_ANIO' true true false 4 Text 0 0 ,First,#,D:\COMPARTIDO\Correccion DPA2010Censal\DPA_2010\SHP_2010\GEO_PAR2010_CAMBIOS_18_MARZO2013shp.shp,DPA_ANIO,-1,-1;DPA_CANTON 'DPA_CANTON' true true false 254 Text 0 0 ,First,#,D:\COMPARTIDO\Correccion DPA2010Censal\DPA_2010\SHP_2010\GEO_PAR2010_CAMBIOS_18_MARZO2013shp.shp,DPA_CANTON,-1,-1;DPA_DESCAN 'DPA_DESCAN' true true false 254 Text 0 0 ,First,#,D:\COMPARTIDO\Correccion DPA2010Censal\DPA_2010\SHP_2010\GEO_PAR2010_CAMBIOS_18_MARZO2013shp.shp,DPA_DESCAN,-1,-1;DPA_PROVIN 'DPA_PROVIN' true true false 254 Text 0 0 ,First,#,D:\COMPARTIDO\Correccion DPA2010Censal\DPA_2010\SHP_2010\GEO_PAR2010_CAMBIOS_18_MARZO2013shp.shp,DPA_PROVIN,-1,-1;DPA_DESPRO 'DPA_DESPRO' true true false 254 Text 0 0 ,First,#,D:\COMPARTIDO\Correccion DPA2010Censal\DPA_2010\SHP_2010\GEO_PAR2010_CAMBIOS_18_MARZO2013shp.shp,DPA_DESPRO,-1,-1;correccion 'correccion' true true false 50 Text 0 0 ,First,#,D:\COMPARTIDO\Correccion DPA2010Censal\DPA_2010\SHP_2010\GEO_PAR2010_CAMBIOS_18_MARZO2013shp.shp,correccion,-1,-1;observacio 'observacio' true true false 50 Text 0 0 ,First,#,D:\COMPARTIDO\Correccion DPA2010Censal\DPA_2010\SHP_2010\GEO_PAR2010_CAMBIOS_18_MARZO2013shp.shp,observacio,-1,-1;Estado 'Estado' true true false 30 Text 0 0 ,First,#,D:\COMPARTIDO\Correccion DPA2010Censal\DPA_2010\SHP_2010\GEO_PAR2010_CAMBIOS_18_MARZO2013shp.shp,Estado,-1,-1;Shape_Leng 'Shape_Leng' true true false 19 Double 0 0 ,First,#,D:\COMPARTIDO\Correccion DPA2010Censal\DPA_2010\SHP_2010\GEO_PAR2010_CAMBIOS_18_MARZO2013shp.shp,Shape_Leng,-1,-1;Shape_Area 'Shape_Area' true true false 19 Double 0 0 ,First,#,D:\COMPARTIDO\Correccion DPA2010Censal\DPA_2010\SHP_2010\GEO_PAR2010_CAMBIOS_18_MARZO2013shp.shp,Shape_Area,-1,-1" # "D:\TRABAJOS REALIZADOS\GEODATABASE\GEODATABASE NACIONAL JULIO 2012\GIS_INEC_NACIONAL.gdb\DPA_2010\GEO_PAR2010"</Process></lineage></DataProperties><MetaID>{3CA09570-3701-4C97-A011-A1D9E8AD3EDB}</MetaID></Esri><idinfo><native Sync="TRUE">Microsoft Windows Vista Version 6.1 (Build 7601) Service Pack 1; ESRI ArcCatalog 9.3.0.1770</native><descript><langdata Sync="TRUE">es</langdata><abstract>REQUIRED: A brief narrative summary of the data set.</abstract><purpose>REQUIRED: A summary of the intentions with which the data set was developed.</purpose></descript><citation><citeinfo><origin>REQUIRED: The name of an organization or individual that developed the data set.</origin><pubdate>REQUIRED: The date when the data set is published or otherwise made available for release.</pubdate><title Sync="TRUE">GEO_PAR2010</title><ftname Sync="TRUE">GEO_PAR2010</ftname><geoform Sync="TRUE">vector digital data</geoform><onlink Sync="TRUE"></onlink></citeinfo></citation><timeperd><current>REQUIRED: The basis on which the time period of content information is determined.</current><timeinfo><sngdate><caldate>REQUIRED: The year (and optionally month, or month and day) for which the data set corresponds to the ground.</caldate></sngdate></timeinfo></timeperd><status><progress>REQUIRED: The state of the data set.</progress><update>REQUIRED: The frequency with which changes and additions are made to the data set after the initial data set is completed.</update></status><spdom><bounding><westbc Sync="TRUE">REQUIRED: Western-most coordinate of the limit of coverage expressed in longitude.</westbc><eastbc Sync="TRUE">REQUIRED: Eastern-most coordinate of the limit of coverage expressed in longitude.</eastbc><northbc Sync="TRUE">REQUIRED: Northern-most coordinate of the limit of coverage expressed in latitude.</northbc><southbc Sync="TRUE">REQUIRED: Southern-most coordinate of the limit of coverage expressed in latitude.</southbc></bounding></spdom><keywords><theme><themekt>REQUIRED: Reference to a formally registered thesaurus or a similar authoritative source of theme keywords.</themekt><themekey>REQUIRED: Common-use word or phrase used to describe the subject of the data set.</themekey></theme></keywords><accconst>REQUIRED: Restrictions and legal prerequisites for accessing the data set.</accconst><useconst>REQUIRED: Restrictions and legal prerequisites for using the data set after access is granted.</useconst><natvform Sync="TRUE">File Geodatabase Feature Class</natvform></idinfo><dataIdInfo><envirDesc Sync="TRUE">Microsoft Windows Vista Version 6.1 (Build 7601) Service Pack 1; ESRI ArcCatalog 9.3.0.1770</envirDesc><dataLang><languageCode Sync="TRUE" value="es"></languageCode></dataLang><idCitation><resTitle Sync="TRUE">GEO_PAR2010</resTitle><presForm><PresFormCd Sync="TRUE" value="005"></PresFormCd></presForm></idCitation><spatRpType><SpatRepTypCd Sync="TRUE" value="001"></SpatRepTypCd></spatRpType></dataIdInfo><metainfo><langmeta Sync="TRUE">es</langmeta><metstdn Sync="TRUE">FGDC Content Standards for Digital Geospatial Metadata</metstdn><metstdv Sync="TRUE">FGDC-STD-001-1998</metstdv><mettc Sync="TRUE">local time</mettc><metc><cntinfo><cntorgp><cntper>REQUIRED: The person responsible for the metadata information.</cntper><cntorg>REQUIRED: The organization responsible for the metadata information.</cntorg></cntorgp><cntaddr><addrtype>REQUIRED: The mailing and/or physical address for the organization or individual.</addrtype><city>REQUIRED: The city of the address.</city><state>REQUIRED: The state or province of the address.</state><postal>REQUIRED: The ZIP or other postal code of the address.</postal></cntaddr><cntvoice>REQUIRED: The telephone number by which individuals can speak to the organization or individual.</cntvoice></cntinfo></metc><metd Sync="TRUE">20130320</metd><metextns><onlink Sync="TRUE">http://www.esri.com/metadata/esriprof80.html</onlink><metprof Sync="TRUE">ESRI Metadata Profile</metprof></metextns></metainfo><mdLang><languageCode Sync="TRUE" value="es"></languageCode></mdLang><mdStanName Sync="TRUE">ISO 19115 Geographic Information - Metadata</mdStanName><mdStanVer Sync="TRUE">DIS_ESRI1.0</mdStanVer><mdChar><CharSetCd Sync="TRUE" value="004"></CharSetCd></mdChar><mdHrLv><ScopeCd Sync="TRUE" value="005"></ScopeCd></mdHrLv><mdHrLvName Sync="TRUE">dataset</mdHrLvName><distinfo><resdesc Sync="TRUE">Downloadable Data</resdesc></distinfo><distInfo><distributor><distorTran><onLineSrc><orDesc Sync="TRUE">002</orDesc><linkage Sync="TRUE">file://</linkage><protocol Sync="TRUE">Local Area Network</protocol></onLineSrc></distorTran><distorFormat><formatName Sync="TRUE">File Geodatabase Feature Class</formatName></distorFormat></distributor></distInfo><spdoinfo><direct Sync="TRUE">Vector</direct><ptvctinf><esriterm Name="GEO_PAR2010"><efeatyp Sync="TRUE">Simple</efeatyp><efeageom Sync="TRUE">Polygon</efeageom><esritopo Sync="TRUE">FALSE</esritopo><efeacnt Sync="TRUE">0</efeacnt><spindex Sync="TRUE">TRUE</spindex><linrefer Sync="TRUE">FALSE</linrefer></esriterm><sdtsterm Name="GEO_PAR2010"><sdtstype Sync="TRUE">G-polygon</sdtstype><ptvctcnt Sync="TRUE">0</ptvctcnt></sdtsterm></ptvctinf></spdoinfo><spref><horizsys><cordsysn><geogcsn Sync="TRUE">GCS_WGS_1984</geogcsn><projcsn Sync="TRUE">WGS_1984_UTM_Zone_17S</projcsn></cordsysn><planar><planci><plance Sync="TRUE">coordinate pair</plance><plandu Sync="TRUE">meters</plandu><coordrep><absres Sync="TRUE">0.000100</absres><ordres Sync="TRUE">0.000100</ordres></coordrep></planci><gridsys><gridsysn Sync="TRUE">Universal Transverse Mercator</gridsysn><utm><utmzone Sync="TRUE">-17</utmzone><transmer><sfctrmer Sync="TRUE">0.999600</sfctrmer><longcm Sync="TRUE">-81.000000</longcm><latprjo Sync="TRUE">0.000000</latprjo><feast Sync="TRUE">500000.000000</feast><fnorth Sync="TRUE">10000000.000000</fnorth></transmer></utm></gridsys></planar><geodetic><horizdn Sync="TRUE">D_WGS_1984</horizdn><ellips Sync="TRUE">WGS_1984</ellips><semiaxis Sync="TRUE">6378137.000000</semiaxis><denflat Sync="TRUE">298.257224</denflat></geodetic></horizsys><vertdef><altsys><altenc Sync="TRUE">Explicit elevation coordinate included with horizontal coordinates</altenc><altres Sync="TRUE">0.000100</altres></altsys></vertdef></spref><refSysInfo><RefSystem><refSysID><identCode Sync="TRUE">WGS_1984_UTM_Zone_17S</identCode></refSysID></RefSystem></refSysInfo><spatRepInfo><VectSpatRep><topLvl><TopoLevCd Sync="TRUE" value="001"></TopoLevCd></topLvl><geometObjs Name="GEO_PAR2010"><geoObjTyp><GeoObjTypCd Sync="TRUE" value="001"></GeoObjTypCd></geoObjTyp><geoObjCnt Sync="TRUE">0</geoObjCnt></geometObjs></VectSpatRep></spatRepInfo><eainfo><detailed Name="GEO_PAR2010"><enttyp><enttypl Sync="TRUE">GEO_PAR2010</enttypl><enttypt Sync="TRUE">Feature Class</enttypt><enttypc Sync="TRUE">0</enttypc></enttyp><attr><attrlabl Sync="TRUE">OBJECTID_1</attrlabl><attalias Sync="TRUE">OBJECTID_1</attalias><attrtype Sync="TRUE">OID</attrtype><attwidth Sync="TRUE">4</attwidth><atprecis Sync="TRUE">0</atprecis><attscale Sync="TRUE">0</attscale><attrdef Sync="TRUE">Internal feature number.</attrdef><attrdefs Sync="TRUE">ESRI</attrdefs><attrdomv><udom Sync="TRUE">Sequential unique whole numbers that are automatically generated.</udom></attrdomv></attr><attr><attrlabl Sync="TRUE">OBJECTID</attrlabl><attalias Sync="TRUE">OBJECTID</attalias><attrtype Sync="TRUE">Integer</attrtype><attwidth Sync="TRUE">4</attwidth><atprecis Sync="TRUE">0</atprecis><attscale Sync="TRUE">0</attscale><attrdef Sync="TRUE">Internal feature number.</attrdef><attrdefs Sync="TRUE">ESRI</attrdefs><attrdomv><udom Sync="TRUE">Sequential unique whole numbers that are automatically generated.</udom></attrdomv></attr><attr><attrlabl Sync="TRUE">Shape</attrlabl><attalias Sync="TRUE">Shape</attalias><attrtype Sync="TRUE">Geometry</attrtype><attwidth Sync="TRUE">0</attwidth><atprecis Sync="TRUE">0</atprecis><attscale Sync="TRUE">0</attscale><attrdef Sync="TRUE">Feature geometry.</attrdef><attrdefs Sync="TRUE">ESRI</attrdefs><attrdomv><udom Sync="TRUE">Coordinates defining the features.</udom></attrdomv></attr><attr><attrlabl Sync="TRUE">DPA_PARROQ</attrlabl><attalias Sync="TRUE">DPA_PARROQ</attalias><attrtype Sync="TRUE">String</attrtype><attwidth Sync="TRUE">254</attwidth><atprecis Sync="TRUE">0</atprecis><attscale Sync="TRUE">0</attscale></attr><attr><attrlabl Sync="TRUE">DPA_DESPAR</attrlabl><attalias Sync="TRUE">DPA_DESPAR</attalias><attrtype Sync="TRUE">String</attrtype><attwidth Sync="TRUE">254</attwidth><atprecis Sync="TRUE">0</atprecis><attscale Sync="TRUE">0</attscale></attr><attr><attrlabl Sync="TRUE">DPA_VALOR</attrlabl><attalias Sync="TRUE">DPA_VALOR</attalias><attrtype Sync="TRUE">Integer</attrtype><attwidth Sync="TRUE">4</attwidth><atprecis Sync="TRUE">0</atprecis><attscale Sync="TRUE">0</attscale></attr><attr><attrlabl Sync="TRUE">DPA_ANIO</attrlabl><attalias Sync="TRUE">DPA_ANIO</attalias><attrtype Sync="TRUE">String</attrtype><attwidth Sync="TRUE">4</attwidth><atprecis Sync="TRUE">0</atprecis><attscale Sync="TRUE">0</attscale></attr><attr><attrlabl Sync="TRUE">DPA_CANTON</attrlabl><attalias Sync="TRUE">DPA_CANTON</attalias><attrtype Sync="TRUE">String</attrtype><attwidth Sync="TRUE">254</attwidth><atprecis Sync="TRUE">0</atprecis><attscale Sync="TRUE">0</attscale></attr><attr><attrlabl Sync="TRUE">DPA_DESCAN</attrlabl><attalias Sync="TRUE">DPA_DESCAN</attalias><attrtype Sync="TRUE">String</attrtype><attwidth Sync="TRUE">254</attwidth><atprecis Sync="TRUE">0</atprecis><attscale Sync="TRUE">0</attscale></attr><attr><attrlabl Sync="TRUE">DPA_PROVIN</attrlabl><attalias Sync="TRUE">DPA_PROVIN</attalias><attrtype Sync="TRUE">String</attrtype><attwidth Sync="TRUE">254</attwidth><atprecis Sync="TRUE">0</atprecis><attscale Sync="TRUE">0</attscale></attr><attr><attrlabl Sync="TRUE">DPA_DESPRO</attrlabl><attalias Sync="TRUE">DPA_DESPRO</attalias><attrtype Sync="TRUE">String</attrtype><attwidth Sync="TRUE">254</attwidth><atprecis Sync="TRUE">0</atprecis><attscale Sync="TRUE">0</attscale></attr><attr><attrlabl Sync="TRUE">correccion</attrlabl><attalias Sync="TRUE">correccion</attalias><attrtype Sync="TRUE">String</attrtype><attwidth Sync="TRUE">50</attwidth><atprecis Sync="TRUE">0</atprecis><attscale Sync="TRUE">0</attscale></attr><attr><attrlabl Sync="TRUE">observacio</attrlabl><attalias Sync="TRUE">observacio</attalias><attrtype Sync="TRUE">String</attrtype><attwidth Sync="TRUE">50</attwidth><atprecis Sync="TRUE">0</atprecis><attscale Sync="TRUE">0</attscale></attr><attr><attrlabl Sync="TRUE">Estado</attrlabl><attalias Sync="TRUE">Estado</attalias><attrtype Sync="TRUE">String</attrtype><attwidth Sync="TRUE">30</attwidth><atprecis Sync="TRUE">0</atprecis><attscale Sync="TRUE">0</attscale></attr><attr><attrlabl Sync="TRUE">Shape_Leng</attrlabl><attalias Sync="TRUE">Shape_Leng</attalias><attrtype Sync="TRUE">Double</attrtype><attwidth Sync="TRUE">8</attwidth><atprecis Sync="TRUE">0</atprecis><attscale Sync="TRUE">0</attscale></attr><attr><attrlabl Sync="TRUE">Shape_Length</attrlabl><attalias Sync="TRUE">Shape_Length</attalias><attrtype Sync="TRUE">Double</attrtype><attwidth Sync="TRUE">8</attwidth><atprecis Sync="TRUE">0</atprecis><attscale Sync="TRUE">0</attscale><attrdef Sync="TRUE">Length of feature in internal units.</attrdef><attrdefs Sync="TRUE">ESRI</attrdefs><attrdomv><udom Sync="TRUE">Positive real numbers that are automatically generated.</udom></attrdomv></attr><attr><attrlabl Sync="TRUE">Shape_Area</attrlabl><attalias Sync="TRUE">Shape_Area</attalias><attrtype Sync="TRUE">Double</attrtype><attwidth Sync="TRUE">8</attwidth><atprecis Sync="TRUE">0</atprecis><attscale Sync="TRUE">0</attscale><attrdef Sync="TRUE">Area of feature in internal units squared.</attrdef><attrdefs Sync="TRUE">ESRI</attrdefs><attrdomv><udom Sync="TRUE">Positive real numbers that are automatically generated.</udom></attrdomv></attr></detailed></eainfo><mdDateSt Sync="TRUE">20130320</mdDateSt><dataqual><lineage><procstep><procdesc Sync="TRUE">Dataset copied.</procdesc><srcused Sync="TRUE">\\AMEZA\D$\TRABAJOS REALIZADOS\GEODATABASE\GEODATABASE NACIONAL ABRIL 2012\GIS_INEC_NACIONAL.gdb</srcused><procdate Sync="TRUE">20120720</procdate><proctime Sync="TRUE">13592300</proctime></procstep><procstep><procdesc Sync="TRUE">Dataset copied.</procdesc><srcused Sync="TRUE">\\AMEZA\D$\TRABAJOS REALIZADOS\GEODATABASE\GEODATABASE NACIONAL JULIO 2012\GIS_INEC_NACIONAL.gdb</srcused><procdate Sync="TRUE">20120724</procdate><proctime Sync="TRUE">08474300</proctime></procstep><procstep><procdesc Sync="TRUE">Dataset copied.</procdesc><srcused Sync="TRUE">\\JANDINO\C$\JAVIER\GIS_INEC_NACIONAL.gdb</srcused><procdate Sync="TRUE">20120828</procdate><proctime Sync="TRUE">12232700</proctime></procstep><procstep><procdesc Sync="TRUE">Dataset copied.</procdesc><srcused Sync="TRUE"></srcused><procdate Sync="TRUE">20120903</procdate><proctime Sync="TRUE">16521200</proctime></procstep><procstep><procdesc Sync="TRUE">Dataset copied.</procdesc><srcused Sync="TRUE"></srcused><procdate Sync="TRUE">20130319</procdate><proctime Sync="TRUE">10191100</proctime></procstep><procstep><procdesc Sync="TRUE">Dataset copied.</procdesc><srcused Sync="TRUE">\\JANDINO\C$\JAVIER\año 2013\Division Politico Administrativa\Correccion DPA2010Censal\topologiacapas_dpa2010.mdb</srcused><procdate Sync="TRUE">20130320</procdate><proctime Sync="TRUE">09502700</proctime></procstep><procstep><procdesc Sync="TRUE">Dataset copied.</procdesc><srcused Sync="TRUE">\\AMEZA\D$\TRABAJOS REALIZADOS\GEODATABASE\GEODATABASE NACIONAL JULIO 2012\GIS_INEC_NACIONAL.gdb</srcused><procdate Sync="TRUE">20130321</procdate><proctime Sync="TRUE">14223600</proctime></procstep><procstep><procdesc Sync="TRUE">Dataset copied.</procdesc><srcused Sync="TRUE"></srcused><procdate Sync="TRUE">20130402</procdate><proctime Sync="TRUE">08554700</proctime></procstep><procstep><procdesc Sync="TRUE">Dataset copied.</procdesc><srcused Sync="TRUE"></srcused><procdate Sync="TRUE">20130418</procdate><proctime Sync="TRUE">14114100</proctime></procstep></lineage></dataqual></metadata>
